id,file_name,width,height,category_id,bbox_x,bbox_y,bbox_w,bbox_h,category_name,scaled_bbox_x,scaled_bbox_y,scaled_bbox_w,scaled_bbox_h,log_scaled_bbox_w,log_scaled_bbox_h
1,image1.jpg,262,193,1,139,3,30,35,hardhat,0.5305343511450382,0.015544041450777202,0.11450381679389313,0.18134715025906736,-2.1671471220989416,-1.7073421274154719
1,image1.jpg,262,193,4,163,137,54,20,boots,0.6221374045801527,0.7098445595854922,0.20610687022900764,0.10362694300518134,-1.5793604571968225,-2.2669579153508947
2,image19.jpg,183,275,2,24,42,102,134,vest,0.13114754098360656,0.15272727272727274,0.5573770491803278,0.48727272727272725,-0.5845133395571499,-0.71893129771566
3,image20.jpg,299,168,2,93,6,116,159,vest,0.3110367892976589,0.03571428571428571,0.3879598662207358,0.9464285714285714,-0.9468533822843217,-0.05505977718302743
4,image21.jpg,183,275,2,49,98,84,118,vest,0.2677595628415301,0.3563636363636364,0.45901639344262296,0.4290909090909091,-0.7786693539981073,-0.8460864732009066
5,image22.jpg,243,208,2,26,59,67,114,vest,0.10699588477366255,0.28365384615384615,0.2757201646090535,0.5480769230769231,-1.2883688239495823,-0.6013396313068224
5,image22.jpg,243,208,2,78,83,111,92,vest,0.32098765432098764,0.39903846153846156,0.4567901234567901,0.4423076923076923,-0.7835312420282143,-0.8157495026522777
6,image23.jpg,275,183,2,112,63,70,100,vest,0.4072727272727273,0.3442622950819672,0.2545454545454545,0.546448087431694,-1.3682758556172123,-0.6043159668533294
6,image23.jpg,275,183,2,3,69,104,88,vest,0.01090909090909091,0.3770491803278688,0.3781818181818182,0.4808743169398907,-0.9723801985251986,-0.7321493383632145
6,image23.jpg,275,183,2,158,66,102,99,vest,0.5745454545454546,0.36065573770491804,0.3709090909090909,0.5409836065573771,-0.9917982843823002,-0.6143663027068309
7,image24.jpg,212,238,2,77,43,51,67,vest,0.3632075471698113,0.18067226890756302,0.24056603773584906,0.2815126050420168,-1.4247606419476866,-1.2675780542805086
7,image24.jpg,212,238,4,86,209,44,25,boots,0.4056603773584906,0.8781512605042017,0.20754716981132076,0.10504201680672269,-1.5723966407537513,-2.253394848803274
7,image24.jpg,212,238,1,90,7,37,20,hardhat,0.42452830188679247,0.029411764705882353,0.17452830188679244,0.08403361344537816,-1.745668362027788,-2.4765384001174837
8,image25.jpg,259,194,2,104,64,82,111,vest,0.4015444015444015,0.32989690721649484,0.3166023166023166,0.5721649484536082,-1.1501088144352847,-0.5583279577509941
8,image25.jpg,259,194,4,221,164,31,27,boots,0.8532818532818532,0.845360824742268,0.11969111969111969,0.13917525773195877,-2.1228408572143915,-1.972021293058999
9,image26.jpg,290,174,2,113,99,44,54,vest,0.3896551724137931,0.5689655172413793,0.15172413793103448,0.3103448275862069,-1.8856912890622586,-1.1700712526502546
9,image26.jpg,290,174,2,171,78,44,68,vest,0.5896551724137931,0.4482758620689655,0.15172413793103448,0.39080459770114945,-1.8856912890622586,-0.9395475940384223
9,image26.jpg,290,174,2,213,77,66,95,vest,0.7344827586206897,0.4425287356321839,0.22758620689655173,0.5459770114942529,-1.4802261809540942,-0.6051784076139881
9,image26.jpg,290,174,1,114,64,31,15,hardhat,0.3931034482758621,0.367816091954023,0.10689655172413794,0.08620689655172414,-2.2358937184953733,-2.451005098112319
9,image26.jpg,290,174,1,176,42,31,22,hardhat,0.6068965517241379,0.2413793103448276,0.10689655172413794,0.12643678160919541,-2.2358937184953733,-2.068012845856213
9,image26.jpg,290,174,1,216,35,45,28,hardhat,0.7448275862068966,0.20114942528735633,0.15517241379310345,0.16091954022988506,-1.8632184332102,-1.826850789039325
10,image27.jpg,275,183,1,150,9,65,44,hardhat,0.5454545454545454,0.04918032786885246,0.23636363636363636,0.24043715846994534,-1.4423838277709342,-1.42529651892316
10,image27.jpg,275,183,2,133,62,70,86,vest,0.48363636363636364,0.33879781420765026,0.2545454545454545,0.46994535519125685,-1.3682758556172123,-0.7551388565879131
11,image28.jpg,1600,900,1,575,88,95,136,hardhat,0.359375,0.09777777777777778,0.059375,0.1511111111111111,-2.8238820166273317,-1.8897398775882588
11,image28.jpg,1600,900,1,731,111,72,95,hardhat,0.456875,0.12333333333333334,0.045,0.10555555555555556,-3.101092789211817,-2.2485178717237697
12,image29.jpg,390,245,4,9,211,28,19,boots,0.023076923076923078,0.8612244897959184,0.07179487179487179,0.07755102040816327,-2.6339422289484884,-2.5568192313782867
12,image29.jpg,390,245,4,41,205,30,19,boots,0.10512820512820513,0.8367346938775511,0.07692307692307693,0.07755102040816327,-2.5649493574615367,-2.5568192313782867
12,image29.jpg,390,245,4,83,205,21,20,boots,0.2128205128205128,0.8367346938775511,0.05384615384615385,0.08163265306122448,-2.921624301400269,-2.505525936990736
12,image29.jpg,390,245,4,341,212,37,17,boots,0.8743589743589744,0.8653061224489796,0.09487179487179487,0.06938775510204082,-2.355228826479468,-2.668044866488511
12,image29.jpg,390,245,2,13,47,45,58,vest,0.03333333333333333,0.19183673469387755,0.11538461538461539,0.23673469387755103,-2.159484249353372,-1.4408151999983076
12,image29.jpg,390,245,2,85,59,42,48,vest,0.21794871794871795,0.24081632653061225,0.1076923076923077,0.19591836734693877,-2.228477120840324,-1.630057199636836
12,image29.jpg,390,245,2,145,68,51,60,vest,0.3717948717948718,0.27755102040816326,0.13076923076923078,0.24489795918367346,-2.0343211063993665,-1.4069136483226263
12,image29.jpg,390,245,2,202,73,31,58,vest,0.517948717948718,0.2979591836734694,0.07948717948717948,0.23673469387755103,-2.532159534638546,-1.4408151999983076
12,image29.jpg,390,245,2,238,68,39,59,vest,0.6102564102564103,0.27755102040816326,0.1,0.24081632653061225,-2.3025850929940455,-1.4237207666390075
12,image29.jpg,390,245,2,107,132,48,55,vest,0.2743589743589744,0.5387755102040817,0.12307692307692308,0.22448979591836735,-2.094945728215801,-1.493925025312256
12,image29.jpg,390,245,2,281,77,42,72,vest,0.7205128205128205,0.3142857142857143,0.1076923076923077,0.2938775510204082,-2.228477120840324,-1.2245920915286717
12,image29.jpg,390,245,2,231,138,47,59,vest,0.5923076923076923,0.563265306122449,0.12051282051282051,0.24081632653061225,-2.1159991374136333,-1.4237207666390075
13,image30.jpg,306,164,2,105,69,43,51,vest,0.3431372549019608,0.42073170731707316,0.14052287581699346,0.31097560975609756,-1.9623849862588183,-1.1680407950998726
13,image30.jpg,306,164,2,148,57,29,44,vest,0.48366013071895425,0.3475609756097561,0.09477124183006536,0.2682926829268293,-2.356289271965907,-1.3156767939059373
13,image30.jpg,306,164,2,173,67,31,40,vest,0.565359477124183,0.40853658536585363,0.10130718954248366,0.24390243902439024,-2.2895978974672344,-1.410986973710262
14,image31.jpg,275,183,2,100,57,79,56,vest,0.36363636363636365,0.3114754098360656,0.2872727272727273,0.30601092896174864,-1.2473232451995497,-1.1841344621062717
15,image32.jpg,183,275,2,45,86,95,149,vest,0.2459016393442623,0.31272727272727274,0.5191256830601093,0.5418181818181819,-0.65560926124088,-0.612824791721112
15,image32.jpg,183,275,1,55,3,69,50,hardhat,0.3005464480874317,0.01090909090909091,0.3770491803278688,0.18181818181818182,-0.9753796482441617,-1.7047480922384253
16,image33.jpg,650,433,2,271,215,122,174,vest,0.4169230769230769,0.49653579676674364,0.18769230769230769,0.4018475750577367,-1.6729513181564262,-0.9116824287879608
17,image35.jpg,264,191,2,65,67,48,60,vest,0.24621212121212122,0.3507853403141361,0.18181818181818182,0.31413612565445026,-1.7047480922384253,-1.1579288658245293
17,image35.jpg,264,191,2,213,115,38,44,vest,0.8068181818181818,0.6020942408376964,0.14393939393939395,0.23036649214659685,-1.9383629434199303,-1.4680837941283686
18,image36.jpg,299,168,2,163,61,97,88,vest,0.5451505016722408,0.3630952380952381,0.32441471571906355,0.5238095238095238,-1.1257325948873036,-0.6466271649250525
19,image37.jpg,184,274,1,69,47,51,36,hardhat,0.375,0.17153284671532848,0.27717391304347827,0.13138686131386862,-1.28311012488466,-2.02960916793196
20,image38.jpg,1092,1538,1,350,8,613,426,hardhat,0.32051282051282054,0.005201560468140442,0.5613553113553114,0.27698309492847856,-0.577401220368639,-1.283798803796219
21,image39.jpg,268,188,1,111,63,36,18,hardhat,0.4141791044776119,0.3351063829787234,0.13432835820895522,0.09574468085106383,-2.0074680420547466,-2.3460702049337847
21,image39.jpg,268,188,1,172,59,43,18,hardhat,0.6417910447761194,0.31382978723404253,0.16044776119402984,0.09574468085106383,-1.8297868648172944,-2.3460702049337847
21,image39.jpg,268,188,2,103,93,59,88,vest,0.3843283582089552,0.4946808510638298,0.22014925373134328,0.46808510638297873,-1.5134495366051373,-0.7591051483517427
21,image39.jpg,268,188,2,180,89,87,91,vest,0.6716417910447762,0.4734042553191489,0.3246268656716418,0.48404255319148937,-1.125078861856273,-0.7255824563130991
22,image40.jpg,183,275,2,61,50,68,91,vest,0.3333333333333333,0.18181818181818182,0.37158469945355194,0.33090909090909093,-0.9899784476653142,-1.1059115911497213
22,image40.jpg,183,275,1,85,7,40,26,hardhat,0.4644808743169399,0.025454545454545455,0.2185792349726776,0.09454545454545454,-1.5206066987274847,-2.358674559645089
22,image40.jpg,183,275,4,46,227,24,39,boots,0.25136612021857924,0.8254545454545454,0.13114754098360656,0.14181818181818182,-2.031432322493475,-1.953209451536925
22,image40.jpg,183,275,4,77,249,26,26,boots,0.4207650273224044,0.9054545454545454,0.14207650273224043,0.09454545454545454,-1.951389614819939,-2.358674559645089
23,image41.jpg,183,275,1,20,4,161,63,hardhat,0.1092896174863388,0.014545454545454545,0.8797814207650273,0.2290909090909091,-0.12808178785695798,-1.4736363712750387
24,image42.jpg,225,225,1,7,0,174,79,hardhat,0.03111111111111111,0.0,0.7733333333333333,0.3511111111111111,-0.25704510298989114,-1.0466525497373986
25,image43.jpg,182,277,1,79,23,34,19,hardhat,0.4340659340659341,0.08303249097472924,0.18681318681318682,0.06859205776173286,-1.677646162460634,-2.679578527020898
25,image43.jpg,182,277,4,64,239,23,24,boots,0.3516483516483517,0.8628158844765343,0.12637362637362637,0.08664259927797834,-2.068512471147646,-2.445963675839393
25,image43.jpg,182,277,4,95,237,34,23,boots,0.521978021978022,0.855595667870036,0.18681318681318682,0.08303249097472924,-1.677646162460634,-2.488523290258189
26,image44.jpg,955,1300,1,334,91,285,185,hardhat,0.34973821989528797,0.07,0.29842931937172773,0.1423076923076923,-1.2092221602120798,-1.9497637183713032
26,image44.jpg,955,1300,2,120,439,608,859,vest,0.1256544502617801,0.3376923076923077,0.6366492146596858,0.6607692307692308,-0.4515364585145633,-0.4143506214653727
27,image45.jpg,955,1300,1,461,65,207,114,hardhat,0.4827225130890052,0.05,0.21675392670157068,0.0876923076923077,-1.5289925472153612,-2.4339210950551324
27,image45.jpg,955,1300,2,439,260,298,441,vest,0.45968586387434557,0.2,0.31204188481675393,0.3392307692307692,-1.1646178539753258,-1.081074668002782
27,image45.jpg,955,1300,4,479,1080,205,207,boots,0.5015706806282723,0.8307692307692308,0.21465968586387435,0.15923076923076923,-1.538701361342322,-1.837400750184259
28,image46.jpg,157,321,4,49,269,24,34,boots,0.31210191082802546,0.838006230529595,0.15286624203821655,0.1059190031152648,-1.8781919750003624,-2.2450805985138547
28,image46.jpg,157,321,4,100,277,52,28,boots,0.6369426751592356,0.8629283489096573,0.33121019108280253,0.08722741433021806,-1.1050020867668808,-2.439236612954812
28,image46.jpg,157,321,2,41,62,82,115,vest,0.2611464968152866,0.19314641744548286,0.5222929936305732,0.3582554517133956,-0.6495265580840549,-1.0265089947667658
28,image46.jpg,157,321,1,57,18,46,20,hardhat,0.3630573248407643,0.056074766355140186,0.2929936305732484,0.06230529595015576,-1.227604408859213,-2.775708849576025
29,image47.jpg,194,259,1,5,5,176,106,hardhat,0.02577319587628866,0.019305019305019305,0.9072164948453608,0.4092664092664093,-0.09737416402517636,-0.8933889675874706
30,image48.jpg,290,213,1,105,29,101,49,hardhat,0.3620689655172414,0.13615023474178403,0.3482758620689655,0.2300469483568075,-1.0547604061392604,-1.4694718675987986
30,image48.jpg,290,213,2,49,115,214,96,vest,0.16896551724137931,0.539906103286385,0.7379310344827587,0.4507042253521127,-0.3039049079586682,-0.7969439742415888
31,image49.jpg,272,185,1,95,11,100,49,hardhat,0.3492647058823529,0.05945945945945946,0.36764705882352944,0.2648648648648649,-1.000631880307906,-1.3285355269676982
31,image49.jpg,272,185,2,62,117,178,67,vest,0.22794117647058823,0.6324324324324324,0.6544117647058824,0.3621621621621622,-0.42401851600391216,-1.0156632056873587
32,image50.jpg,262,192,1,118,16,81,39,hardhat,0.45038167938931295,0.08333333333333333,0.30916030534351147,0.203125,-1.1738953490886581,-1.5939337258981352
32,image50.jpg,262,192,3,131,60,50,43,mask,0.5,0.3125,0.19083969465648856,0.22395833333333334,-1.6563214983329508,-1.4962952563342191
32,image50.jpg,262,192,2,85,93,136,83,vest,0.3244274809160305,0.484375,0.5190839694656488,0.4322916666666667,-0.6556896180250449,-0.8386547642311836
33,image51.jpg,183,276,1,64,15,70,41,hardhat,0.34972677595628415,0.05434782608695652,0.3825136612021858,0.14855072463768115,-0.960990910792062,-1.9068287990128423
33,image51.jpg,183,276,2,47,71,106,119,vest,0.2568306010928962,0.2572463768115942,0.5792349726775956,0.4311594202898551,-0.5460470587293539,-0.8412773726056205
34,image52.jpg,960,1300,1,363,94,410,221,hardhat,0.378125,0.07230769230769231,0.4270833333333333,0.17,-0.8507761247635285,-1.7719568419318752
34,image52.jpg,960,1300,3,439,390,221,218,mask,0.45729166666666665,0.3,0.23020833333333332,0.1676923076923077,-1.468770582944129,-1.785624480660539
35,image53.jpg,957,1300,1,120,162,663,383,hardhat,0.12539184952978055,0.12461538461538461,0.6927899686520376,0.2946153846153846,-0.36702840126709185,-1.2220845542689822
35,image53.jpg,957,1300,3,479,554,336,354,mask,0.5005224660397074,0.42615384615384616,0.3510971786833856,0.2723076923076923,-1.04669223148975,-1.3008226303158537
36,image54.jpg,866,1390,1,354,64,171,145,hardhat,0.40877598152424943,0.0460431654676259,0.197459584295612,0.10431654676258993,-1.6222213520597755,-2.260325283704163
36,image54.jpg,866,1390,2,288,252,281,421,vest,0.3325635103926097,0.18129496402877698,0.3244803695150115,0.30287769784172663,-1.1255302392286894,-1.194426192442356
36,image54.jpg,866,1390,4,295,1125,95,124,boots,0.3406466512702079,0.8093525179856115,0.10969976905311778,0.08920863309352518,-2.2100080169618943,-2.4167774605197003
36,image54.jpg,866,1390,4,469,1144,117,109,boots,0.5415704387990762,0.823021582733813,0.1351039260969977,0.07841726618705036,-2.0017109737646788,-2.545711143895594
37,image55.jpg,866,1300,1,287,9,198,127,hardhat,0.33140877598152424,0.006923076923076923,0.22863741339491916,0.09769230769230769,-1.4756178778678999,-2.325932456991037
37,image55.jpg,866,1300,2,247,247,301,410,vest,0.2852193995381062,0.19,0.34757505773672054,0.3153846153846154,-1.0567746438135595,-1.1539623837512747
37,image55.jpg,866,1300,4,307,1164,89,120,boots,0.35450346420323325,0.8953846153846153,0.10277136258660508,0.09230769230769231,-2.2752485388302954,-2.382627800667582
37,image55.jpg,866,1300,4,461,1173,107,94,boots,0.5323325635103926,0.9023076923076923,0.1235565819861432,0.07230769230769231,-2.091056074100529,-2.6268247611796243
38,image56.jpg,177,285,1,71,9,37,26,hardhat,0.4011299435028249,0.031578947368421054,0.20903954802259886,0.0912280701754386,-1.5652318199296047,-2.3943926422471686
38,image56.jpg,177,285,2,60,51,61,84,vest,0.3389830508474576,0.17894736842105263,0.3446327683615819,0.29473684210526313,-1.065275868400518,-1.221672381425337
38,image56.jpg,177,285,4,55,237,39,24,boots,0.3107344632768362,0.8315789473684211,0.22033898305084745,0.08421052631578947,-1.5125880864441827,-2.474435349920705
38,image56.jpg,177,285,4,106,236,35,25,boots,0.5988700564971752,0.8280701754385965,0.1977401129943503,0.08771929824561403,-1.6208016710844153,-2.4336133554004498
39,image57.jpg,180,280,1,33,151,44,49,hardhat,0.18333333333333332,0.5392857142857143,0.24444444444444444,0.175,-1.4087672169719492,-1.742969305058623
39,image57.jpg,180,280,2,50,88,91,135,vest,0.2777777777777778,0.3142857142857143,0.5055555555555555,0.48214285714285715,-0.6820973443733603,-0.7295148247308202
40,image58.jpg,957,1300,1,332,38,316,189,hardhat,0.34691745036572624,0.02923076923076923,0.33019853709508884,0.1453846153846154,-1.108061177866042,-1.9283725283899857
40,image58.jpg,957,1300,2,265,441,443,657,vest,0.2769070010449321,0.3392307692307692,0.46290491118077326,0.5053846153846154,-0.7702336214078186,-0.6824355249650175
41,image59.jpg,1300,1389,1,387,31,285,178,hardhat,0.2976923076923077,0.022318214542836574,0.21923076923076923,0.12814974802015838,-1.5176303631809775,-2.0545557924622586
42,image60.jpg,275,183,4,38,59,48,76,boots,0.13818181818181818,0.3224043715846995,0.17454545454545456,0.41530054644808745,-1.7455700867586803,-0.8787528125550899
42,image60.jpg,275,183,4,92,61,63,78,boots,0.33454545454545453,0.3333333333333333,0.2290909090909091,0.4262295081967213,-1.4736363712750387,-0.8527773261518292
42,image60.jpg,275,183,4,144,94,54,49,boots,0.5236363636363637,0.5136612021857924,0.19636363636363635,0.2677595628415301,-1.627787051102297,-1.3176658547307942
42,image60.jpg,275,183,4,203,102,35,45,boots,0.7381818181818182,0.5573770491803278,0.12727272727272726,0.2459016393442623,-2.0614230361771577,-1.4028236630711013
43,image61.jpg,275,183,2,114,36,47,91,vest,0.41454545454545455,0.19672131147540983,0.1709090909090909,0.4972677595628415,-1.7666234959565128,-0.6986266463245709
43,image61.jpg,275,183,4,122,133,39,46,boots,0.44363636363636366,0.726775956284153,0.14181818181818182,0.25136612021857924,-1.953209451536925,-1.3808447563523258
44,image62.jpg,225,225,4,16,145,73,74,boots,0.07111111111111111,0.6444444444444445,0.3244444444444444,0.3288888888888889,-1.125640961056029,-1.1120353090002504
44,image62.jpg,225,225,4,76,143,67,76,boots,0.3377777777777778,0.6355555555555555,0.29777777777777775,0.3377777777777778,-1.2114077828134542,-1.085367061918089
44,image62.jpg,225,225,2,125,52,94,106,vest,0.5555555555555556,0.2311111111111111,0.4177777777777778,0.4711111111111111,-0.8728056199344162,-0.752661308092353
45,image63.jpg,193,262,4,70,159,41,78,boots,0.3626943005181347,0.6068702290076335,0.21243523316062177,0.29770992366412213,-1.5491181222005777,-1.211635677071505
45,image63.jpg,193,262,2,63,1,67,133,vest,0.32642487046632124,0.003816793893129771,0.3471502590673575,0.5076335877862596,-1.0579975695139194,-0.6779953755393431
46,image64.jpg,275,183,2,175,38,38,64,vest,0.6363636363636364,0.20765027322404372,0.13818181818181818,0.34972677595628415,-1.9791849379401856,-1.050603069481749
46,image64.jpg,275,183,3,100,21,19,17,mask,0.36363636363636365,0.11475409836065574,0.06909090909090909,0.09289617486338798,-2.672332118500131,-2.3762728087852047
46,image64.jpg,275,183,3,169,21,20,19,mask,0.6145454545454545,0.11475409836065574,0.07272727272727272,0.10382513661202186,-2.6210388241125804,-2.2650471736749807
46,image64.jpg,275,183,4,181,151,21,26,boots,0.6581818181818182,0.825136612021858,0.07636363636363637,0.14207650273224043,-2.572248659943148,-1.951389614819939
46,image64.jpg,275,183,4,201,157,22,18,boots,0.730909090909091,0.8579234972677595,0.08,0.09836065573770492,-2.5257286443082556,-2.3191143949452564
46,image64.jpg,275,183,4,71,147,20,30,boots,0.2581818181818182,0.8032786885245902,0.07272727272727272,0.16393442622950818,-2.6210388241125804,-1.8082887711792657
46,image64.jpg,275,183,4,93,150,17,22,boots,0.3381818181818182,0.819672131147541,0.06181818181818182,0.12021857923497267,-2.783557753610355,-2.1184436994831053
47,image65.jpg,225,225,3,131,29,26,23,mask,0.5822222222222222,0.1288888888888889,0.11555555555555555,0.10222222222222223,-2.158003864182938,-2.2806061862752705
47,image65.jpg,225,225,3,31,66,26,26,mask,0.13777777777777778,0.29333333333333333,0.11555555555555555,0.11555555555555555,-2.158003864182938,-2.158003864182938
47,image65.jpg,225,225,3,194,111,20,18,mask,0.8622222222222222,0.49333333333333335,0.08888888888888889,0.08,-2.4203681286504293,-2.5257286443082556
47,image65.jpg,225,225,3,71,117,20,14,mask,0.31555555555555553,0.52,0.08888888888888889,0.06222222222222222,-2.4203681286504293,-2.7770430725891617
47,image65.jpg,225,225,4,129,197,37,24,boots,0.5733333333333334,0.8755555555555555,0.16444444444444445,0.10666666666666667,-1.8051824895601956,-2.2380465718564744
47,image65.jpg,225,225,4,186,198,29,23,boots,0.8266666666666667,0.88,0.1288888888888889,0.10222222222222223,-2.048804572217946,-2.2806061862752705
47,image65.jpg,225,225,4,15,184,30,35,boots,0.06666666666666667,0.8177777777777778,0.13333333333333333,0.15555555555555556,-2.0149030205422647,-1.8607523407150064
47,image65.jpg,225,225,2,107,48,72,75,vest,0.47555555555555556,0.21333333333333335,0.32,0.3333333333333333,-1.1394342831883648,-1.0986122886681098
47,image65.jpg,225,225,2,7,69,53,75,vest,0.03111111111111111,0.30666666666666664,0.23555555555555555,0.3333333333333333,-1.4458084886522984,-1.0986122886681098
48,image66.jpg,277,182,3,77,38,16,15,mask,0.2779783393501805,0.2087912087912088,0.05776173285198556,0.08241758241758242,-2.8514287839475574,-2.495956485974585
48,image66.jpg,277,182,3,195,39,15,17,mask,0.703971119133574,0.21428571428571427,0.05415162454873646,0.09340659340659341,-2.9159673050851285,-2.3707933430205794
48,image66.jpg,277,182,4,194,141,23,33,boots,0.7003610108303249,0.7747252747252747,0.08303249097472924,0.1813186813186813,-2.488523290258189,-1.7074991256103151
48,image66.jpg,277,182,4,69,145,24,28,boots,0.2490974729241877,0.7967032967032966,0.08664259927797834,0.15384615384615385,-2.445963675839393,-1.8718021769015913
49,image67.jpg,1600,1157,2,612,230,323,386,vest,0.3825,0.19878997407087295,0.201875,0.33362143474503025,-1.600106585005216,-1.0977483577288456
49,image67.jpg,1600,1157,2,1016,208,293,566,vest,0.635,0.1797752808988764,0.183125,0.4891961970613656,-1.6975862992108053,-0.7149916489904937
49,image67.jpg,1600,1157,3,1053,145,125,63,mask,0.658125,0.12532411408815902,0.078125,0.05445116681071737,-2.5494451709255714,-2.910451000802144
49,image67.jpg,1600,1157,3,699,164,111,69,mask,0.436875,0.14174589455488332,0.069375,0.059636992221261884,-2.6682287069155386,-2.819479222596417
49,image67.jpg,1600,1157,3,337,184,73,79,mask,0.210625,0.15903197925669835,0.045625,0.0682800345721694,-3.0872994670794816,-2.6841378747266553
49,image67.jpg,1600,1157,4,267,893,69,121,boots,0.166875,0.7718236819360415,0.043125,0.10458081244598098,-3.1436524036306133,-2.2577951815969355
49,image67.jpg,1600,1157,4,325,952,127,81,boots,0.203125,0.8228176318063959,0.079375,0.07000864304235091,-2.5335718217692813,-2.6591365725212377
49,image67.jpg,1600,1157,4,629,919,95,111,boots,0.393125,0.7942955920484011,0.059375,0.09593777009507347,-2.8238820166273317,-2.3440555258813425
49,image67.jpg,1600,1157,4,778,919,93,97,boots,0.48625,0.7942955920484011,0.058125,0.08383751080380294,-2.8451594150746167,-2.4788747486902936
49,image67.jpg,1600,1157,4,1107,929,103,127,boots,0.691875,0.8029386343993086,0.064375,0.1097666378565255,-2.7430299199982366,-2.209398640735085
49,image67.jpg,1600,1157,4,1238,925,75,133,boots,0.77375,0.7994814174589455,0.046875,0.11495246326707001,-3.0602707946915624,-2.1632365989719227
50,image68.jpg,500,350,3,160,98,31,28,mask,0.32,0.28,0.062,0.08,-2.7806208939370456,-2.5257286443082556
50,image68.jpg,500,350,4,89,281,110,63,boots,0.178,0.8028571428571428,0.22,0.18,-1.5141277326297755,-1.7147984280919266
50,image68.jpg,500,350,4,229,305,79,42,boots,0.458,0.8714285714285714,0.158,0.12,-1.8451602459551701,-2.120263536200091
50,image68.jpg,500,350,2,216,111,77,134,vest,0.432,0.3171428571428571,0.154,0.38285714285714284,-1.870802676568508,-0.9600933545325481
51,image69.jpg,283,178,3,41,83,24,7,mask,0.14487632508833923,0.46629213483146065,0.08480565371024736,0.03932584269662921,-2.467393067295292,-3.235873401236772
51,image69.jpg,283,178,3,151,91,20,11,mask,0.5335689045936396,0.5112359550561798,0.0706713780918728,0.06179775280898876,-2.6497146240892464,-2.783888277493715
51,image69.jpg,283,178,4,33,150,19,17,boots,0.1166077738515901,0.8426966292134831,0.06713780918727916,0.09550561797752809,-2.701007918476797,-2.348570206235869
51,image69.jpg,283,178,4,67,153,21,14,boots,0.23674911660777384,0.8595505617977528,0.07420494699646643,0.07865168539325842,-2.6009244599198147,-2.5427262206768266
51,image69.jpg,283,178,4,159,157,13,16,boots,0.5618374558303887,0.8820224719101124,0.045936395759717315,0.0898876404494382,-3.080497540181701,-2.409194828052304
51,image69.jpg,283,178,4,173,140,13,13,boots,0.6113074204946997,0.7865168539325843,0.045936395759717315,0.07303370786516854,-3.080497540181701,-2.6168341928305483
52,image70.jpg,320,491,4,123,383,74,70,boots,0.384375,0.780040733197556,0.23125,0.1425661914460285,-1.4642559025896025,-1.9479488857451617
52,image70.jpg,320,491,3,133,61,41,33,mask,0.415625,0.12423625254582485,0.128125,0.06720977596741344,-2.0547489290894645,-2.6999365663280406
53,image71.jpg,183,275,4,45,227,36,30,boots,0.2459016393442623,0.8254545454545454,0.19672131147540983,0.10909090909090909,-1.625967214385311,-2.2155737160044158
53,image71.jpg,183,275,4,87,232,42,23,boots,0.47540983606557374,0.8436363636363636,0.22950819672131148,0.08363636363636363,-1.4718165345580525,-2.4812768817374216
53,image71.jpg,183,275,3,78,31,31,25,mask,0.4262295081967213,0.11272727272727273,0.16939890710382513,0.09090909090909091,-1.7754989483562746,-2.3978952727983707
53,image71.jpg,183,275,1,76,11,47,29,hardhat,0.41530054644808745,0.04,0.2568306010928962,0.10545454545454545,-1.3593385511313623,-2.249475267680097
54,image72.jpg,400,290,4,69,108,78,121,boots,0.1725,0.3724137931034483,0.195,0.41724137931034483,-1.6347557204183902,-0.8740903773837786
54,image72.jpg,400,290,4,241,131,146,92,boots,0.6025,0.4517241379310345,0.365,0.31724137931034485,-1.0078579253996456,-1.1480923459314794
55,image75.jpg,760,507,2,197,226,124,170,vest,0.25921052631578945,0.4457593688362919,0.1631578947368421,0.33530571992110453,-1.81303686767534,-1.0927125665409214
56,image76.jpg,275,183,3,119,83,72,73,mask,0.43272727272727274,0.453551912568306,0.26181818181818184,0.3989071038251366,-1.340104978650516,-0.9190267116930299
56,image76.jpg,275,183,3,39,110,72,34,mask,0.14181818181818182,0.6010928961748634,0.26181818181818184,0.18579234972677597,-1.340104978650516,-1.6831256282252596
57,image77.jpg,293,172,3,141,64,74,53,mask,0.4812286689419795,0.37209302325581395,0.2525597269624573,0.3081395348837209,-1.3761075158128977,-1.1772025632613312
57,image77.jpg,293,172,3,11,49,54,50,mask,0.03754266211604096,0.28488372093023256,0.18430034129692832,0.29069767441860467,-1.691188562452793,-1.235471471385307
58,image78.jpg,275,183,3,147,54,70,64,mask,0.5345454545454545,0.29508196721311475,0.2545454545454545,0.34972677595628415,-1.3682758556172123,-1.050603069481749
59,image79.jpg,275,183,3,117,46,34,31,mask,0.4254545454545455,0.25136612021857924,0.12363636363636364,0.16939890710382513,-2.0904105730504097,-1.7754989483562746
59,image79.jpg,275,183,1,105,5,61,38,hardhat,0.38181818181818183,0.0273224043715847,0.22181818181818183,0.20765027322404372,-1.5058972334932599,-1.571899993115035
60,image80.jpg,262,192,1,107,5,111,81,hardhat,0.4083969465648855,0.026041666666666668,0.42366412213740456,0.421875,-0.8588143024487628,-0.8630462173553428
60,image80.jpg,262,192,3,131,97,63,55,mask,0.5,0.5052083333333334,0.24045801526717558,0.2864583333333333,-1.4252097773695642,-1.2501621867953108
61,image81.jpg,266,189,3,170,52,45,37,mask,0.6390977443609023,0.2751322751322751,0.16917293233082706,0.19576719576719576,-1.7768338190113793,-1.630829102415418
61,image81.jpg,266,189,1,167,10,78,40,hardhat,0.6278195488721805,0.05291005291005291,0.2932330827067669,0.21164021164021163,-1.2267874820921074,-1.552867560945706
61,image81.jpg,266,189,2,161,83,76,92,vest,0.6052631578947368,0.43915343915343913,0.2857142857142857,0.48677248677248675,-1.252762968495368,-0.7199584380106021
62,image82.jpg,183,275,1,44,13,113,85,hardhat,0.24043715846994534,0.04727272727272727,0.6174863387978142,0.3090909090909091,-0.4820983341290803,-1.1741198411762548
62,image82.jpg,183,275,3,66,105,66,52,mask,0.36065573770491804,0.38181818181818183,0.36065573770491804,0.1890909090909091,-1.0198314108149953,-1.665527379085144
63,image83.jpg,268,188,1,102,57,38,23,hardhat,0.3805970149253731,0.30319148936170215,0.1417910447761194,0.12234042553191489,-1.9534008207844709,-2.1009477469007996
63,image83.jpg,268,188,2,80,90,89,83,vest,0.29850746268656714,0.4787234042553192,0.332089552238806,0.44148936170212766,-1.1023506107787169,-0.8176013550333513
63,image83.jpg,268,188,3,111,77,34,16,mask,0.4141791044776119,0.4095744680851064,0.12686567164179105,0.0851063829787234,-2.0646264558946954,-2.463853240590168
64,image84.jpg,259,194,3,157,64,33,23,mask,0.6061776061776062,0.32989690721649484,0.1274131274131274,0.11855670103092783,-2.0603205002330576,-2.1323639431341785
64,image84.jpg,259,194,3,86,91,17,17,mask,0.33204633204633205,0.4690721649484536,0.06563706563706563,0.08762886597938144,-2.7236147176433216,-2.434644815007112
64,image84.jpg,259,194,2,139,73,85,112,vest,0.5366795366795367,0.37628865979381443,0.3281853281853282,0.5773195876288659,-1.1141768052092214,-0.5493592877682337
64,image84.jpg,259,194,1,149,29,48,30,hardhat,0.5752895752895753,0.14948453608247422,0.18532818532818532,0.15463917525773196,-1.6856270507916469,-1.8666607774011728
65,image85.jpg,301,168,1,31,3,59,38,hardhat,0.10299003322259136,0.017857142857142856,0.19601328903654486,0.2261904761904762,-1.6295728208431561,-1.486377819676873
65,image85.jpg,301,168,2,5,59,76,108,vest,0.016611295681063124,0.35119047619047616,0.25249169435215946,0.6428571428571429,-1.3763769244625448,-0.4418327522790392
65,image85.jpg,301,168,3,105,55,36,25,mask,0.3488372093023256,0.3273809523809524,0.11960132890365449,0.1488095238095238,-2.1235913262927655,-1.9050881545350582
65,image85.jpg,301,168,2,84,76,85,92,vest,0.27906976744186046,0.4523809523809524,0.2823920265780731,0.5476190476190477,-1.2644590082585592,-0.6021754023542185
65,image85.jpg,301,168,3,192,127,30,22,mask,0.6378737541528239,0.7559523809523809,0.09966777408637874,0.13095238095238096,-2.3059128830867204,-2.032921526044943
65,image85.jpg,301,168,3,247,140,30,19,mask,0.8205980066445183,0.8333333333333334,0.09966777408637874,0.1130952380952381,-2.3059128830867204,-2.1795250002368185
65,image85.jpg,301,168,1,188,97,42,28,hardhat,0.6245847176079734,0.5773809523809523,0.13953488372093023,0.16666666666666666,-1.9694406464655074,-1.791759469228055
66,image86.jpg,275,183,1,69,1,75,22,hardhat,0.2509090909090909,0.00546448087431694,0.2727272727272727,0.12021857923497267,-1.2992829841302609,-2.1184436994831053
66,image86.jpg,275,183,3,76,41,65,41,mask,0.27636363636363637,0.22404371584699453,0.23636363636363636,0.22404371584699453,-1.4423838277709342,-1.4959140861371132
66,image86.jpg,275,183,3,157,60,21,13,mask,0.5709090909090909,0.32786885245901637,0.07636363636363637,0.07103825136612021,-2.572248659943148,-2.644536795379884
66,image86.jpg,275,183,3,217,57,28,16,mask,0.7890909090909091,0.3114754098360656,0.10181818181818182,0.08743169398907104,-2.2845665874913674,-2.4368974306016398
66,image86.jpg,275,183,2,66,82,105,98,vest,0.24,0.44808743169398907,0.38181818181818183,0.5355191256830601,-0.9628107475090478,-0.6245186741708489
66,image86.jpg,275,183,2,211,75,44,74,vest,0.7672727272727272,0.4098360655737705,0.16,0.40437158469945356,-1.8325814637483102,-0.9054210596372512
66,image86.jpg,275,183,1,153,33,29,24,hardhat,0.5563636363636364,0.18032786885245902,0.10545454545454545,0.13114754098360656,-2.249475267680097,-2.031432322493475
66,image86.jpg,275,183,1,213,39,31,14,hardhat,0.7745454545454545,0.21311475409836064,0.11272727272727273,0.07650273224043716,-2.182783893181425,-2.5704288232261625
67,image87.jpg,318,159,1,91,5,67,30,hardhat,0.2861635220125786,0.031446540880503145,0.21069182389937108,0.18867924528301888,-1.5573587633892108,-1.667706820558076
67,image87.jpg,318,159,2,59,82,115,71,vest,0.18553459119496854,0.5157232704402516,0.36163522012578614,0.44654088050314467,-1.0171192544169267,-0.8062243251789161
67,image87.jpg,318,159,1,232,85,45,30,hardhat,0.7295597484276729,0.5345911949685535,0.14150943396226415,0.18867924528301888,-1.955388893009857,-1.667706820558076
68,image88.jpg,626,417,1,181,39,152,88,hardhat,0.28913738019169327,0.09352517985611511,0.24281150159744408,0.21103117505995203,-1.415469850253822,-1.555749407320595
68,image88.jpg,626,417,3,205,149,95,58,mask,0.3274760383386581,0.35731414868105515,0.15175718849840256,0.13908872901678657,-1.8854734794995578,-1.9726432112523822
68,image88.jpg,626,417,2,161,207,185,152,vest,0.2571884984025559,0.49640287769784175,0.2955271565495208,0.3645083932853717,-1.2189945460217737,-1.009205700952525
69,image89.jpg,262,192,1,83,19,106,64,hardhat,0.31679389312977096,0.09895833333333333,0.40458015267175573,0.3333333333333333,-0.9049054096490297,-1.0986122886681098
69,image89.jpg,262,192,3,95,89,56,42,mask,0.36259541984732824,0.4635416666666667,0.21374045801526717,0.21875,-1.5429928130259476,-1.5198257537444133
70,image90.jpg,540,360,1,170,41,163,97,hardhat,0.3148148148148148,0.11388888888888889,0.30185185185185187,0.26944444444444443,-1.1978189387515576,-1.311393052946773
70,image90.jpg,540,360,3,197,172,120,92,mask,0.3648148148148148,0.4777777777777778,0.2222222222222222,0.25555555555555554,-1.5040773967762742,-1.3643154544011153
70,image90.jpg,540,360,2,116,290,303,63,vest,0.21481481481481482,0.8055555555555556,0.5611111111111111,0.175,-0.577836334048951,-1.742969305058623
71,image91.jpg,276,183,4,117,147,34,32,boots,0.42391304347826086,0.8032786885245902,0.12318840579710146,0.17486338797814208,-2.0940403411009885,-1.7437502500416944
71,image91.jpg,276,183,4,196,150,57,29,boots,0.7101449275362319,0.819672131147541,0.20652173913043478,0.15846994535519127,-1.5773495978825998,-1.8421903228549468
71,image91.jpg,276,183,4,16,105,37,30,boots,0.057971014492753624,0.5737704918032787,0.13405797101449277,0.16393442622950818,-2.0094829530729257,-1.8082887711792657
71,image91.jpg,276,183,3,113,37,30,20,mask,0.40942028985507245,0.20218579234972678,0.10869565217391304,0.1092896174863388,-2.2192034840549946,-2.21375387928743
72,image92.jpg,300,168,3,81,35,32,22,mask,0.27,0.20833333333333334,0.10666666666666667,0.13095238095238096,-2.2380465718564744,-2.032921526044943
72,image92.jpg,300,168,3,167,37,38,26,mask,0.5566666666666666,0.22023809523809523,0.12666666666666668,0.15476190476190477,-2.0661963149298153,-1.8658674413817768
72,image92.jpg,300,168,2,136,60,114,104,vest,0.4533333333333333,0.35714285714285715,0.38,0.6190476190476191,-0.9675840262617056,-0.4795730802618862
72,image92.jpg,300,168,2,42,13,90,148,vest,0.14,0.07738095238095238,0.3,0.8809523809523809,-1.2039728043259361,-0.1267517056391439
73,image93.jpg,275,183,3,85,71,50,45,mask,0.3090909090909091,0.3879781420765027,0.18181818181818182,0.2459016393442623,-1.7047480922384253,-1.4028236630711013
73,image93.jpg,275,183,3,126,75,58,46,mask,0.4581818181818182,0.4098360655737705,0.2109090909090909,0.25136612021857924,-1.556328087120152,-1.3808447563523258
74,image94.jpg,275,183,4,5,131,22,40,boots,0.01818181818181818,0.7158469945355191,0.08,0.2185792349726776,-2.5257286443082556,-1.5206066987274847
74,image94.jpg,275,183,4,39,141,38,32,boots,0.14181818181818182,0.7704918032786885,0.13818181818181818,0.17486338797814208,-1.9791849379401856,-1.7437502500416944
74,image94.jpg,275,183,3,66,26,13,16,mask,0.24,0.14207650273224043,0.04727272727272727,0.08743169398907104,-3.0518217402050345,-2.4368974306016398
74,image94.jpg,275,183,2,12,13,81,97,vest,0.04363636363636364,0.07103825136612021,0.29454545454545455,0.5300546448087432,-1.2223219429941325,-0.6347751743380381
75,image94.png,750,422,4,451,367,34,54,boots,0.6013333333333334,0.8696682464454977,0.04533333333333334,0.12796208530805686,-3.0937126819141945,-2.0560212674717375
75,image94.png,750,422,4,251,379,33,38,boots,0.33466666666666667,0.8981042654028436,0.044,0.09004739336492891,-3.123565645063876,-2.407419154309626
75,image94.png,750,422,3,307,97,31,29,mask,0.4093333333333333,0.22985781990521326,0.04133333333333333,0.06872037914691943,-3.1860860020452098,-2.677709484049538
75,image94.png,750,422,3,499,120,34,35,mask,0.6653333333333333,0.2843601895734597,0.04533333333333334,0.08293838862559241,-3.0937126819141945,-2.489657252546598
75,image94.png,750,422,2,246,126,113,138,vest,0.328,0.2985781990521327,0.15066666666666667,0.32701421800947866,-1.8926853878180154,-1.1177516288788072
76,image95.jpg,400,300,4,178,261,31,38,boots,0.445,0.87,0.0775,0.12666666666666668,-2.557477342622836,-2.0661963149298153
76,image95.jpg,400,300,4,277,256,17,36,boots,0.6925,0.8533333333333334,0.0425,0.12,-3.158251203051766,-2.120263536200091
76,image95.jpg,400,300,4,299,259,13,37,boots,0.7475,0.8633333333333333,0.0325,0.12333333333333334,-3.4265151896464454,-2.0928645620119766
76,image95.jpg,400,300,3,189,122,18,19,mask,0.4725,0.4066666666666667,0.045,0.06333333333333334,-3.101092789211817,-2.7593434954897607
76,image95.jpg,400,300,3,285,109,21,15,mask,0.7125,0.36333333333333334,0.0525,0.05,-2.946942109384559,-2.995732273553991
77,image96.jpg,299,168,3,155,19,24,14,mask,0.5183946488294314,0.1130952380952381,0.0802675585284281,0.08333333333333333,-2.5223897430427407,-2.4849066497880004
77,image96.jpg,299,168,3,71,25,28,12,mask,0.23745819397993312,0.1488095238095238,0.09364548494983277,0.07142857142857142,-2.3682390632154826,-2.639057329615259
77,image96.jpg,299,168,3,224,28,25,15,mask,0.7491638795986622,0.16666666666666666,0.08361204013377926,0.08928571428571429,-2.481567748522486,-2.4159137783010487
77,image96.jpg,299,168,4,33,145,22,20,boots,0.11036789297658862,0.8630952380952381,0.07357859531772576,0.11904761904761904,-2.6094011200323703,-2.128231705849268
77,image96.jpg,299,168,4,96,146,35,21,boots,0.3210702341137124,0.8690476190476191,0.11705685618729098,0.125,-2.145095511901273,-2.0794415416798357
77,image96.jpg,299,168,4,209,140,23,25,boots,0.6989966555183946,0.8333333333333334,0.07692307692307693,0.1488095238095238,-2.5649493574615367,-1.9050881545350582
77,image96.jpg,299,168,4,235,141,14,22,boots,0.7859531772575251,0.8392857142857143,0.046822742474916385,0.13095238095238096,-3.061386243775428,-2.032921526044943
78,image97.jpg,259,194,3,82,57,77,61,mask,0.3166023166023166,0.29381443298969073,0.2972972972972973,0.31443298969072164,-1.213022639845854,-1.1569842948900169
79,image98.jpg,1200,1800,3,500,268,139,99,mask,0.4166666666666667,0.14888888888888888,0.11583333333333333,0.055,-2.1556029026453998,-2.900422093749666
79,image98.jpg,1200,1800,4,540,1388,234,111,boots,0.45,0.7711111111111111,0.195,0.06166666666666667,-1.6347557204183902,-2.786011742571922
79,image98.jpg,1200,1800,4,620,1505,244,185,boots,0.5166666666666667,0.8361111111111111,0.20333333333333334,0.10277777777777777,-1.5929086104828898,-2.2751861188059315
80,image99.jpg,183,275,4,75,199,27,56,boots,0.4098360655737705,0.7236363636363636,0.14754098360655737,0.20363636363636364,-1.9136492868370918,-1.591419406931422
80,image99.jpg,183,275,3,79,41,27,15,mask,0.43169398907103823,0.14909090909090908,0.14754098360655737,0.05454545454545454,-1.9136492868370918,-2.908720896564361
81,image100.jpg,183,275,3,81,39,22,18,mask,0.4426229508196721,0.14181818181818182,0.12021857923497267,0.06545454545454546,-2.1184436994831053,-2.7263993397704067
81,image100.jpg,183,275,4,97,215,42,40,boots,0.5300546448087432,0.7818181818181819,0.22950819672131148,0.14545454545454545,-1.4718165345580525,-1.927891643552635
81,image100.jpg,183,275,4,44,203,37,50,boots,0.24043715846994534,0.7381818181818182,0.20218579234972678,0.18181818181818182,-1.5985682401971966,-1.7047480922384253
82,image101.jpg,262,192,2,107,67,72,105,vest,0.4083969465648855,0.3489583333333333,0.2748091603053435,0.546875,-1.2916783847450415,-0.6035350218702582
83,image102.jpg,1024,1536,2,195,500,508,545,vest,0.1904296875,0.3255208333333333,0.49609375,0.3548177083333333,-0.7009903580209712,-1.0361511190443735
84,image103.jpg,2560,1919,2,1032,384,1262,1502,vest,0.403125,0.20010422094841063,0.49296875,0.7826993225638353,-0.7073094943724497,-0.24500666368361984
85,image104.jpg,225,225,2,74,45,83,122,vest,0.3288888888888889,0.2,0.3688888888888889,0.5422222222222223,-0.9972597944078222,-0.6120793574711635
86,image105.jpg,275,183,2,109,66,69,99,vest,0.39636363636363636,0.36065573770491804,0.2509090909090909,0.5409836065573771,-1.382664593069312,-0.6143663027068309
87,image106.jpg,179,281,1,27,17,64,60,hardhat,0.15083798882681565,0.060498220640569395,0.3575418994413408,0.21352313167259787,-1.0285027224810832,-1.544010107111645
87,image106.jpg,179,281,1,96,62,76,46,hardhat,0.5363128491620112,0.2206405693950178,0.4245810055865922,0.16370106761565836,-0.856652465554424,-1.8097132728446508
88,image107.jpg,275,183,1,112,27,55,43,hardhat,0.4072727272727273,0.14754098360655737,0.2,0.23497267759562843,-1.6094379124341003,-1.4482860371478585
88,image107.jpg,275,183,1,159,6,57,41,hardhat,0.5781818181818181,0.03278688524590164,0.20727272727272728,0.22404371584699453,-1.5737198298320212,-1.4959140861371132
89,image108.jpg,275,183,1,157,18,97,62,hardhat,0.5709090909090909,0.09836065573770492,0.3527272727272727,0.33879781420765026,-1.0420601191631884,-1.0823517677963295
89,image108.jpg,275,183,2,65,97,53,52,vest,0.23636363636363636,0.5300546448087432,0.19272727272727272,0.28415300546448086,-1.6464791841144495,-1.2582424342599936
90,image109.jpg,362,139,1,102,5,79,36,hardhat,0.281767955801105,0.03597122302158273,0.21823204419889503,0.2589928057553957,-1.5221963593587495,-1.3509549946745818
91,image110.jpg,275,184,1,149,27,66,35,hardhat,0.5418181818181819,0.14673913043478262,0.24,0.19021739130434784,-1.4271163556401458,-1.659587696119572
92,image111.jpg,329,153,1,156,9,58,46,hardhat,0.47416413373860183,0.058823529411764705,0.1762917933130699,0.3006535947712418,-1.7356147402189526,-1.2017965249033404
92,image111.jpg,329,153,1,229,23,49,41,hardhat,0.6960486322188449,0.1503267973856209,0.14893617021276595,0.2679738562091503,-1.9042374526547454,-1.3168658546881278
92,image111.jpg,329,153,2,217,45,61,80,vest,0.6595744680851063,0.29411764705882354,0.18541033434650456,0.5228758169934641,-1.6851838865920608,-0.6484112867185537
92,image111.jpg,329,153,2,135,59,70,74,vest,0.41033434650455924,0.38562091503267976,0.2127659574468085,0.48366013071895425,-1.547562508716013,-0.7263728281882657
93,image112.jpg,282,178,2,13,101,162,72,vest,0.04609929078014184,0.5674157303370787,0.574468085106383,0.4044943820224719,-0.5543107357057294,-0.9051174312760298
93,image112.jpg,282,178,1,57,2,88,57,hardhat,0.20212765957446807,0.011235955056179775,0.3120567375886525,0.3202247191011236,-1.1645702564599072,-1.138732282457535
94,image113.jpg,183,275,1,50,7,90,54,hardhat,0.273224043715847,0.025454545454545455,0.4918032786885246,0.19636363636363635,-0.7096764825111559,-1.627787051102297
94,image113.jpg,183,275,2,6,107,138,156,vest,0.03278688524590164,0.3890909090909091,0.7540983606557377,0.5672727272727273,-0.28223246768421634,-0.5669150904170343
95,image114.jpg,298,169,4,25,73,124,70,boots,0.08389261744966443,0.4319526627218935,0.4161073825503356,0.41420118343195267,-0.8768119209003675,-0.8814034728737145
95,image114.jpg,298,169,4,165,96,108,53,boots,0.5536912751677853,0.5680473372781065,0.3624161073825503,0.3136094674556213,-1.014962259381185,-1.1596068013709517
96,image115.jpg,275,183,4,55,77,63,46,boots,0.2,0.4207650273224044,0.2290909090909091,0.25136612021857924,-1.4736363712750387,-1.3808447563523258
96,image115.jpg,275,183,4,157,52,40,74,boots,0.5709090909090909,0.28415300546448086,0.14545454545454545,0.40437158469945356,-1.927891643552635,-0.9054210596372512
97,image116.jpg,183,275,4,50,132,122,87,boots,0.273224043715847,0.48,0.6666666666666666,0.31636363636363635,-0.40546510810816444,-1.1508629790119875
98,image117.jpg,1000,667,4,330,268,242,325,boots,0.33,0.4017991004497751,0.242,0.487256371814093,-1.4188175528254507,-0.7189648635858862
98,image117.jpg,1000,667,4,551,209,289,331,boots,0.551,0.31334332833583206,0.289,0.4962518740629685,-1.241328590869705,-0.7006716705385608
99,image118.jpg,415,700,4,54,344,208,355,boots,0.13012048192771083,0.49142857142857144,0.5012048192771085,0.5071428571428571,-0.6907404405293802,-0.678962545567989
100,image119.jpg,565,958,4,168,421,304,514,boots,0.2973451327433628,0.4394572025052192,0.5380530973451327,0.5365344467640919,-0.6197980297402192,-0.6226245125156954
101,image120.jpg,187,270,4,19,207,49,47,boots,0.10160427807486631,0.7666666666666667,0.2620320855614973,0.17407407407407408,-1.3392883187439601,-1.7482743572883161
101,image120.jpg,187,270,4,103,199,31,56,boots,0.5508021390374331,0.737037037037037,0.1657754010695187,0.2074074074074074,-1.7971214123694403,-1.5730702682632256
101,image120.jpg,187,270,4,152,224,30,39,boots,0.8128342245989305,0.8296296296296296,0.16042780748663102,0.14444444444444443,-1.8299112351924312,-1.9348603128687285
102,image122.jpg,165,300,4,71,232,44,61,boots,0.4303030303030303,0.7733333333333333,0.26666666666666666,0.20333333333333334,-1.3217558399823195,-1.5929086104828898
103,image123.jpg,183,276,4,38,230,71,37,boots,0.20765027322404372,0.8333333333333334,0.3879781420765027,0.13405797101449277,-0.9468062758001056,-2.0094829530729257
104,image124.jpg,427,640,4,186,506,68,108,boots,0.43559718969555034,0.790625,0.1592505854800937,0.16875,-1.8372763080525178,-1.7793369492294977
105,image125.jpg,193,262,4,69,159,38,79,boots,0.35751295336787564,0.6068702290076335,0.19689119170984457,0.3015267175572519,-1.6251040291784997,-1.1988966512940753
106,image126.jpg,181,278,4,72,215,57,59,boots,0.39779005524861877,0.7733812949640287,0.3149171270718232,0.21223021582733814,-1.1554457634312756,-1.5500836697849176
107,image127.jpg,500,727,4,129,526,136,190,boots,0.258,0.7235213204951857,0.272,0.2613480055020633,-1.3019532126861397,-1.3419024053730333
108,image128.jpg,183,275,4,64,195,70,74,boots,0.34972677595628415,0.7090909090909091,0.3825136612021858,0.2690909090909091,-0.960990910792062,-1.3127060044624015
109,image129.jpg,1300,1624,4,551,1013,362,476,boots,0.4238461538461539,0.6237684729064039,0.2784615384615385,0.29310344827586204,-1.278475331623857,-1.2272296664902034
110,image130.jpg,1250,1875,4,350,1369,347,427,boots,0.28,0.7301333333333333,0.2776,0.22773333333333334,-1.2815740503494875,-1.4795799251758865
111,image131.jpg,275,183,4,35,118,44,48,boots,0.12727272727272726,0.644808743169399,0.16,0.26229508196721313,-1.8325814637483102,-1.33828514193353
111,image131.jpg,275,183,4,89,123,54,48,boots,0.3236363636363636,0.6721311475409836,0.19636363636363635,0.26229508196721313,-1.627787051102297,-1.33828514193353
111,image131.jpg,275,183,4,160,96,97,64,boots,0.5818181818181818,0.5245901639344263,0.3527272727272727,0.34972677595628415,-1.0420601191631884,-1.050603069481749
112,image132.jpg,259,194,4,103,121,40,39,boots,0.39768339768339767,0.6237113402061856,0.15444015444015444,0.20103092783505155,-1.8679486075856016,-1.6042965129336817
112,image132.jpg,259,194,4,170,62,67,110,boots,0.6563706563706564,0.31958762886597936,0.25868725868725867,0.5670103092783505,-1.3521354423085719,-0.567377793270912
112,image132.jpg,259,194,4,68,91,21,43,boots,0.2625482625482625,0.4690721649484536,0.08108108108108109,0.22164948453608246,-2.512305623976115,-1.5066580433697658
113,image133.jpg,275,183,4,169,91,94,80,boots,0.6145454545454545,0.4972677595628415,0.3418181818181818,0.4371584699453552,-1.0734763153965674,-0.8274595181675394
113,image133.jpg,275,183,4,93,48,45,65,boots,0.3381818181818182,0.26229508196721313,0.16363636363636364,0.3551912568306011,-1.8101086078962516,-1.035098882945784
114,image134.jpg,700,866,4,280,593,144,273,boots,0.4,0.684757505773672,0.2057142857142857,0.31524249422632794,-1.581267035467404,-1.1544131133774755
115,image135.jpg,1300,859,4,153,519,185,209,boots,0.1176923076923077,0.6041909196740396,0.1423076923076923,0.24330616996507567,-1.9497637183713032,-1.4134346700194445
115,image135.jpg,1300,859,4,374,466,238,224,boots,0.2876923076923077,0.5424912689173458,0.18307692307692308,0.2607683352735739,-1.6978488697781533,-1.3441228701292156
115,image135.jpg,1300,859,4,722,432,132,282,boots,0.5553846153846154,0.5029103608847497,0.10153846153846154,0.32828870779976715,-2.287317620863257,-1.1138618510461418
115,image135.jpg,1300,859,4,912,460,128,306,boots,0.7015384615384616,0.5355064027939465,0.09846153846153846,0.3562281722933644,-2.3180892795300108,-1.0321838200318745
116,images16.jpg,275,183,2,73,65,98,103,vest,0.26545454545454544,0.3551912568306011,0.3563636363636364,0.5628415300546448,-1.0318036189959994,-0.5747571646117853
117,images73.jpg,275,183,4,157,156,28,27,boots,0.5709090909090909,0.8524590163934426,0.10181818181818182,0.14754098360655737,-2.2845665874913674,-1.9136492868370918
117,images73.jpg,275,183,4,211,158,19,24,boots,0.7672727272727272,0.8633879781420765,0.06909090909090909,0.13114754098360656,-2.672332118500131,-2.031432322493475
117,images73.jpg,275,183,3,165,23,23,14,mask,0.6,0.12568306010928962,0.08363636363636363,0.07650273224043716,-2.4812768817374216,-2.5704288232261625
117,images73.jpg,275,183,3,209,40,20,18,mask,0.76,0.2185792349726776,0.07272727272727272,0.09836065573770492,-2.6210388241125804,-2.3191143949452564
118,images74.jpg,296,170,3,82,68,42,35,mask,0.27702702702702703,0.4,0.14189189189189189,0.20588235294117646,-1.9526898360406921,-1.580450375560848
118,images74.jpg,296,170,3,161,56,38,38,mask,0.543918918918919,0.32941176470588235,0.12837837837837837,0.2235294117647059,-2.0527732945976744,-1.498212277323876
119,imagw121.jpg,550,916,4,154,678,102,216,boots,0.28,0.740174672489083,0.18545454545454546,0.23580786026200873,-1.6849454649422455,-1.4447379569899652
119,imagw121.jpg,550,916,4,313,677,99,215,boots,0.5690909090909091,0.7390829694323144,0.18,0.23471615720524017,-1.7147984280919266,-1.4493783365464674
119,imagw121.jpg,550,916,4,472,610,72,147,boots,0.8581818181818182,0.665938864628821,0.13090909090909092,0.16048034934497818,-2.0332521592104613,-1.8295837778953938
120,image2.jpg,259,194,3,101,71,60,41,mask,0.38996138996138996,0.36597938144329895,0.23166023166023167,0.211340206185567,-1.462483499477437,-1.5542860923590203
121,image3.jpg,300,168,3,131,65,75,66,mask,0.43666666666666665,0.3869047619047619,0.25,0.39285714285714285,-1.3862943611198906,-0.9343092373768334
122,image4.jpg,275,184,3,22,88,53,33,mask,0.08,0.4782608695652174,0.19272727272727272,0.1793478260869565,-1.6464791841144495,-1.7184281961425054
122,image4.jpg,275,184,3,157,41,47,40,mask,0.5709090909090909,0.22282608695652173,0.1709090909090909,0.21739130434782608,-1.7666234959565128,-1.5260563034950494
122,image4.jpg,275,184,3,91,111,54,40,mask,0.33090909090909093,0.6032608695652174,0.19636363636363635,0.21739130434782608,-1.627787051102297,-1.5260563034950494
122,image4.jpg,275,184,3,223,69,50,41,mask,0.8109090909090909,0.375,0.18181818181818182,0.22282608695652173,-1.7047480922384253,-1.501363690904678
123,image5.jpg,301,167,3,149,87,34,26,mask,0.4950166112956811,0.5209580838323353,0.11295681063122924,0.15568862275449102,-2.1807497401327143,-1.859897274395273
124,image6.jpg,225,225,3,30,107,74,53,mask,0.13333333333333333,0.47555555555555556,0.3288888888888889,0.23555555555555555,-1.1120353090002504,-1.4458084886522984
125,image7.jpg,300,168,3,77,53,40,40,mask,0.25666666666666665,0.31547619047619047,0.13333333333333333,0.23809523809523808,-2.0149030205422647,-1.4350845252893227
125,image7.jpg,300,168,3,179,59,38,34,mask,0.5966666666666667,0.35119047619047616,0.12666666666666668,0.20238095238095238,-2.0661963149298153,-1.5976034547870974
126,image8.jpg,275,183,2,150,68,75,107,vest,0.5454545454545454,0.37158469945355194,0.2727272727272727,0.5846994535519126,-1.2992829841302609,-0.5366573183795148
126,image8.jpg,275,183,3,87,57,14,12,mask,0.31636363636363635,0.3114754098360656,0.05090909090909091,0.06557377049180328,-2.977713768051313,-2.7245795030534206
126,image8.jpg,275,183,3,192,55,21,14,mask,0.6981818181818182,0.3005464480874317,0.07636363636363637,0.07650273224043716,-2.572248659943148,-2.5704288232261625
127,image9.jpg,275,183,3,170,54,29,27,mask,0.6181818181818182,0.29508196721311475,0.10545454545454545,0.14754098360655737,-2.249475267680097,-1.9136492868370918
127,image9.jpg,275,183,3,39,38,26,20,mask,0.14181818181818182,0.20765027322404372,0.09454545454545454,0.1092896174863388,-2.358674559645089,-2.21375387928743
128,image10.jpg,290,174,3,146,34,39,33,mask,0.503448275862069,0.19540229885057472,0.13448275862068965,0.1896551724137931,-2.0063192768508733,-1.6625477377480489
128,image10.jpg,290,174,3,196,27,35,24,mask,0.6758620689655173,0.15517241379310345,0.1206896551724138,0.13793103448275862,-2.114532861491106,-1.9810014688665833
129,image11.jpg,275,183,3,172,42,55,53,mask,0.6254545454545455,0.22950819672131148,0.2,0.2896174863387978,-1.6094379124341003,-1.2391942392892992
130,image12.jpg,275,183,3,68,65,163,92,mask,0.24727272727272728,0.3551912568306011,0.5927272727272728,0.5027322404371585,-0.5230208968598089,-0.6876975757923807
131,image13.jpg,225,225,3,63,64,110,140,mask,0.28,0.28444444444444444,0.4888888888888889,0.6222222222222222,-0.7156200364120039,-0.4744579795951158
132,image14.jpg,1024,650,3,413,361,110,97,mask,0.4033203125,0.5553846153846154,0.107421875,0.14923076923076922,-2.230991439807037,-1.9022613843863
133,image15.jpg,1440,1025,3,269,444,367,256,mask,0.18680555555555556,0.43317073170731707,0.2548611111111111,0.2497560975609756,-1.3670365445154762,-1.387270447092946
133,image15.jpg,1440,1025,3,736,453,242,230,mask,0.5111111111111111,0.4419512195121951,0.16805555555555557,0.22439024390243903,-1.7834606664133599,-1.4943685826493132
133,image15.jpg,1440,1025,3,1024,472,155,158,mask,0.7111111111111111,0.4604878048780488,0.1076388888888889,0.15414634146341463,-2.2289732756508,-1.8698528585455418
133,image15.jpg,1440,1025,2,12,634,1010,367,vest,0.008333333333333333,0.6185365853658537,0.7013888888888888,0.35804878048780486,-0.35469278273474125,-1.0270860435179383
133,image15.jpg,1440,1025,2,1059,529,351,474,vest,0.7354166666666667,0.5160975609756098,0.24375,0.4624390243902439,-1.4116121691041805,-0.7712405698774321
134,image17.jpg,261,193,1,121,2,62,42,hardhat,0.46360153256704983,0.010362694300518135,0.23754789272030652,0.21761658031088082,-1.4373860222776018,-1.5250205706215172
134,image17.jpg,261,193,2,110,65,83,118,vest,0.421455938697318,0.33678756476683935,0.31800766283524906,0.6113989637305699,-1.1456797995260954,-0.4920055644392209
135,image18.jpg,262,192,2,77,79,101,94,vest,0.29389312977099236,0.4114583333333333,0.38549618320610685,0.4895833333333333,-0.9532239869198375,-0.7142005897577777
